<?xml version="1.0" encoding="utf-8"?>
<merger version="3"><dataSet config="com.github.AnyChart:AnyChart-Android:1.1.2" ignore_pattern="!.svn:!.git:!.ds_store:!*.scc:.*:&lt;dir>_*:!CVS:!thumbs.db:!picasa.ini:!*~"><source path="/home/ryguy806/.gradle/caches/transforms-3/6e5d573717c5179f2da2f699ffdb56e1/transformed/jetified-AnyChart-Android-1.1.2/assets"><file name="anychart-ui.min.css" path="/home/ryguy806/.gradle/caches/transforms-3/6e5d573717c5179f2da2f699ffdb56e1/transformed/jetified-AnyChart-Android-1.1.2/assets/anychart-ui.min.css"/><file name="anychart-bundle.min.js" path="/home/ryguy806/.gradle/caches/transforms-3/6e5d573717c5179f2da2f699ffdb56e1/transformed/jetified-AnyChart-Android-1.1.2/assets/anychart-bundle.min.js"/></source></dataSet><dataSet config="main" ignore_pattern="!.svn:!.git:!.ds_store:!*.scc:.*:&lt;dir>_*:!CVS:!thumbs.db:!picasa.ini:!*~"><source path="/home/ryguy806/AndroidStudioProjects/TrialOne/app/src/main/assets"/><source path="/home/ryguy806/AndroidStudioProjects/TrialOne/app/build/intermediates/shader_assets/debug/out"/></dataSet><dataSet config="debug" ignore_pattern="!.svn:!.git:!.ds_store:!*.scc:.*:&lt;dir>_*:!CVS:!thumbs.db:!picasa.ini:!*~"><source path="/home/ryguy806/AndroidStudioProjects/TrialOne/app/src/debug/assets"/></dataSet></merger>