<?xml version="1.0" encoding="utf-8"?>
<resources xmlns:ns1="http://schemas.android.com/tools">
    <color name="black">#FF000000</color>
    <color name="dark_grey">#1D2121</color>
    <color name="grey">#3F4445</color>
    <color name="night_mode">#6124B1</color>
    <color name="notifications">#13B2C3</color>
    <color name="primary">#1B023B</color>
    <color name="private_account">#E6A326</color>
    <color name="purple_200">#FFBB86FC</color>
    <color name="purple_500">#FF6200EE</color>
    <color name="purple_700">#FF3700B3</color>
    <color name="red">#F0323C</color>
    <color name="secondary">#FF03DAC5</color>
    <color name="security">#D95F69</color>
    <color name="teal">#32E3F0</color>
    <color name="teal_200">#32E3F0</color>
    <color name="teal_700">#FF018786</color>
    <color name="white">#FFFFFFFF</color>
    <dimen name="activity_horizontal_margin">16dp</dimen>
    <dimen name="activity_vertical_margin">16dp</dimen>
    <string name="Hello">Hello, Lets Begin</string>
    <string name="app_name">TrialOne</string>
    <string name="data">Data</string>
    <string name="edit_profile">edit profile</string>
    <string name="ryan_hankee">ryan hankee</string>
    <string name="settings">Settings</string>
    <string name="start_test">Start Test</string>
    <string name="step_1">Step 1...</string>
    <string name="test">Test</string>
    <string name="title_dashboard">Dashboard</string>
    <string name="title_home">Home</string>
    <string name="title_notifications">Notifications</string>
    <style name="Theme.TrialOne" parent="Theme.MaterialComponents.DayNight.DarkActionBar">
        
        <item name="colorPrimary">@color/purple_500</item>
        <item name="colorPrimaryVariant">@color/purple_700</item>
        <item name="colorOnPrimary">@color/white</item>
        
        <item name="colorSecondary">@color/teal_200</item>
        <item name="colorSecondaryVariant">@color/teal_700</item>
        <item name="colorOnSecondary">@color/black</item>
        
        <item name="android:statusBarColor" ns1:targetApi="l">?attr/colorPrimaryVariant</item>
        
    </style>
    <style name="nightModeSwitch" parent="Theme.AppCompat.Light">
        <item name="colorControlActivated">@color/night_mode</item>
        <item name="colorSwitchThumbNormal">#FFFFFF</item>
        <item name="android:colorForeground">#00000F</item>
    </style>
</resources>