<?xml version="1.0" encoding="utf-8"?>
<merger version="3" xmlns:ns1="http://schemas.android.com/tools"><dataSet aapt-namespace="http://schemas.android.com/apk/res-auto" config="main$Generated" generated="true" ignore_pattern="!.svn:!.git:!.ds_store:!*.scc:.*:&lt;dir>_*:!CVS:!thumbs.db:!picasa.ini:!*~"><source path="/home/ryguy806/AndroidStudioProjects/TrialOne/app/src/main/res"/><source path="/home/ryguy806/AndroidStudioProjects/TrialOne/app/build/generated/res/rs/debug"/><source path="/home/ryguy806/AndroidStudioProjects/TrialOne/app/build/generated/res/resValues/debug"/></dataSet><dataSet aapt-namespace="http://schemas.android.com/apk/res-auto" config="main" generated-set="main$Generated" ignore_pattern="!.svn:!.git:!.ds_store:!*.scc:.*:&lt;dir>_*:!CVS:!thumbs.db:!picasa.ini:!*~"><source path="/home/ryguy806/AndroidStudioProjects/TrialOne/app/src/main/res"><file path="/home/ryguy806/AndroidStudioProjects/TrialOne/app/src/main/res/values-night/themes.xml" qualifiers="night-v8"><style name="Theme.TrialOne" parent="Theme.MaterialComponents.DayNight.DarkActionBar">
        
        <item name="colorPrimary">@color/purple_200</item>
        <item name="colorPrimaryVariant">@color/purple_700</item>
        <item name="colorOnPrimary">@color/black</item>
        
        <item name="colorSecondary">@color/teal_200</item>
        <item name="colorSecondaryVariant">@color/teal_200</item>
        <item name="colorOnSecondary">@color/black</item>
        
        <item name="android:statusBarColor" ns1:targetApi="l">?attr/colorPrimaryVariant</item>
        
    </style></file><file name="bottom_nav_menu" path="/home/ryguy806/AndroidStudioProjects/TrialOne/app/src/main/res/menu/bottom_nav_menu.xml" qualifiers="" type="menu"/><file name="ic_launcher" path="/home/ryguy806/AndroidStudioProjects/TrialOne/app/src/main/res/mipmap-anydpi-v26/ic_launcher.xml" qualifiers="anydpi-v26" type="mipmap"/><file name="ic_launcher_round" path="/home/ryguy806/AndroidStudioProjects/TrialOne/app/src/main/res/mipmap-anydpi-v26/ic_launcher_round.xml" qualifiers="anydpi-v26" type="mipmap"/><file name="fragment_home" path="/home/ryguy806/AndroidStudioProjects/TrialOne/app/src/main/res/layout/fragment_home.xml" qualifiers="" type="layout"/><file name="activity_main" path="/home/ryguy806/AndroidStudioProjects/TrialOne/app/src/main/res/layout/activity_main.xml" qualifiers="" type="layout"/><file name="fragment_notifications" path="/home/ryguy806/AndroidStudioProjects/TrialOne/app/src/main/res/layout/fragment_notifications.xml" qualifiers="" type="layout"/><file name="fragment_dashboard" path="/home/ryguy806/AndroidStudioProjects/TrialOne/app/src/main/res/layout/fragment_dashboard.xml" qualifiers="" type="layout"/><file path="/home/ryguy806/AndroidStudioProjects/TrialOne/app/src/main/res/values/themes.xml" qualifiers=""><style name="Theme.TrialOne" parent="Theme.MaterialComponents.DayNight.DarkActionBar">
        
        <item name="colorPrimary">@color/purple_500</item>
        <item name="colorPrimaryVariant">@color/purple_700</item>
        <item name="colorOnPrimary">@color/white</item>
        
        <item name="colorSecondary">@color/teal_200</item>
        <item name="colorSecondaryVariant">@color/teal_700</item>
        <item name="colorOnSecondary">@color/black</item>
        
        <item name="android:statusBarColor" ns1:targetApi="l">?attr/colorPrimaryVariant</item>
        
    </style><style name="nightModeSwitch" parent="Theme.AppCompat.Light">
        <item name="colorControlActivated">@color/night_mode</item>
        <item name="colorSwitchThumbNormal">#FFFFFF</item>
        <item name="android:colorForeground">#00000F</item>
    </style></file><file path="/home/ryguy806/AndroidStudioProjects/TrialOne/app/src/main/res/values/dimens.xml" qualifiers=""><dimen name="activity_horizontal_margin">16dp</dimen><dimen name="activity_vertical_margin">16dp</dimen></file><file path="/home/ryguy806/AndroidStudioProjects/TrialOne/app/src/main/res/values/colors.xml" qualifiers=""><color name="purple_200">#FFBB86FC</color><color name="purple_500">#FF6200EE</color><color name="purple_700">#FF3700B3</color><color name="teal_200">#32E3F0</color><color name="teal">#32E3F0</color><color name="teal_700">#FF018786</color><color name="black">#FF000000</color><color name="white">#FFFFFFFF</color><color name="dark_grey">#1D2121</color><color name="grey">#3F4445</color><color name="red">#F0323C</color><color name="primary">#1B023B</color><color name="secondary">#FF03DAC5</color><color name="night_mode">#6124B1</color><color name="notifications">#13B2C3</color><color name="private_account">#E6A326</color><color name="security">#D95F69</color></file><file path="/home/ryguy806/AndroidStudioProjects/TrialOne/app/src/main/res/values/strings.xml" qualifiers=""><string name="app_name">TrialOne</string><string name="title_home">Home</string><string name="title_dashboard">Dashboard</string><string name="title_notifications">Notifications</string><string name="test">Test</string><string name="data">Data</string><string name="settings">Settings</string><string name="edit_profile">edit profile</string><string name="ryan_hankee">ryan hankee</string><string name="start_test">Start Test</string><string name="step_1">Step 1...</string><string name="Hello">Hello, Lets Begin</string></file><file name="ic_launcher_round" path="/home/ryguy806/AndroidStudioProjects/TrialOne/app/src/main/res/mipmap-xxhdpi/ic_launcher_round.webp" qualifiers="xxhdpi-v4" type="mipmap"/><file name="ic_launcher" path="/home/ryguy806/AndroidStudioProjects/TrialOne/app/src/main/res/mipmap-xxhdpi/ic_launcher.webp" qualifiers="xxhdpi-v4" type="mipmap"/><file name="ic_launcher_round" path="/home/ryguy806/AndroidStudioProjects/TrialOne/app/src/main/res/mipmap-mdpi/ic_launcher_round.webp" qualifiers="mdpi-v4" type="mipmap"/><file name="ic_launcher" path="/home/ryguy806/AndroidStudioProjects/TrialOne/app/src/main/res/mipmap-mdpi/ic_launcher.webp" qualifiers="mdpi-v4" type="mipmap"/><file name="ic_launcher_round" path="/home/ryguy806/AndroidStudioProjects/TrialOne/app/src/main/res/mipmap-hdpi/ic_launcher_round.webp" qualifiers="hdpi-v4" type="mipmap"/><file name="ic_launcher" path="/home/ryguy806/AndroidStudioProjects/TrialOne/app/src/main/res/mipmap-hdpi/ic_launcher.webp" qualifiers="hdpi-v4" type="mipmap"/><file name="mobile_navigation" path="/home/ryguy806/AndroidStudioProjects/TrialOne/app/src/main/res/navigation/mobile_navigation.xml" qualifiers="" type="navigation"/><file name="ic_launcher_foreground" path="/home/ryguy806/AndroidStudioProjects/TrialOne/app/src/main/res/drawable-v24/ic_launcher_foreground.xml" qualifiers="v24" type="drawable"/><file name="ic_launcher_round" path="/home/ryguy806/AndroidStudioProjects/TrialOne/app/src/main/res/mipmap-xhdpi/ic_launcher_round.webp" qualifiers="xhdpi-v4" type="mipmap"/><file name="ic_launcher" path="/home/ryguy806/AndroidStudioProjects/TrialOne/app/src/main/res/mipmap-xhdpi/ic_launcher.webp" qualifiers="xhdpi-v4" type="mipmap"/><file name="backup_rules" path="/home/ryguy806/AndroidStudioProjects/TrialOne/app/src/main/res/xml/backup_rules.xml" qualifiers="" type="xml"/><file name="data_extraction_rules" path="/home/ryguy806/AndroidStudioProjects/TrialOne/app/src/main/res/xml/data_extraction_rules.xml" qualifiers="" type="xml"/><file name="ic_launcher_round" path="/home/ryguy806/AndroidStudioProjects/TrialOne/app/src/main/res/mipmap-xxxhdpi/ic_launcher_round.webp" qualifiers="xxxhdpi-v4" type="mipmap"/><file name="ic_launcher" path="/home/ryguy806/AndroidStudioProjects/TrialOne/app/src/main/res/mipmap-xxxhdpi/ic_launcher.webp" qualifiers="xxxhdpi-v4" type="mipmap"/><file name="round_back_private_account" path="/home/ryguy806/AndroidStudioProjects/TrialOne/app/src/main/res/drawable/round_back_private_account.xml" qualifiers="" type="drawable"/><file name="ic_baseline_nights_stay_24" path="/home/ryguy806/AndroidStudioProjects/TrialOne/app/src/main/res/drawable/ic_baseline_nights_stay_24.xml" qualifiers="" type="drawable"/><file name="round_back_white10_20" path="/home/ryguy806/AndroidStudioProjects/TrialOne/app/src/main/res/drawable/round_back_white10_20.xml" qualifiers="" type="drawable"/><file name="round_back_secondary_100" path="/home/ryguy806/AndroidStudioProjects/TrialOne/app/src/main/res/drawable/round_back_secondary_100.xml" qualifiers="" type="drawable"/><file name="round_back_night_mode" path="/home/ryguy806/AndroidStudioProjects/TrialOne/app/src/main/res/drawable/round_back_night_mode.xml" qualifiers="" type="drawable"/><file name="ic_home_black_24dp" path="/home/ryguy806/AndroidStudioProjects/TrialOne/app/src/main/res/drawable/ic_home_black_24dp.xml" qualifiers="" type="drawable"/><file name="settings_icon" path="/home/ryguy806/AndroidStudioProjects/TrialOne/app/src/main/res/drawable/settings_icon.xml" qualifiers="" type="drawable"/><file name="round_back_security" path="/home/ryguy806/AndroidStudioProjects/TrialOne/app/src/main/res/drawable/round_back_security.xml" qualifiers="" type="drawable"/><file name="round_back_notifications" path="/home/ryguy806/AndroidStudioProjects/TrialOne/app/src/main/res/drawable/round_back_notifications.xml" qualifiers="" type="drawable"/><file name="priv_acc_icon" path="/home/ryguy806/AndroidStudioProjects/TrialOne/app/src/main/res/drawable/priv_acc_icon.xml" qualifiers="" type="drawable"/><file name="ic_launcher_background" path="/home/ryguy806/AndroidStudioProjects/TrialOne/app/src/main/res/drawable/ic_launcher_background.xml" qualifiers="" type="drawable"/><file name="test_icon" path="/home/ryguy806/AndroidStudioProjects/TrialOne/app/src/main/res/drawable/test_icon.xml" qualifiers="" type="drawable"/><file name="chart_icon" path="/home/ryguy806/AndroidStudioProjects/TrialOne/app/src/main/res/drawable/chart_icon.xml" qualifiers="" type="drawable"/><file name="profile_icon" path="/home/ryguy806/AndroidStudioProjects/TrialOne/app/src/main/res/drawable/profile_icon.xml" qualifiers="" type="drawable"/><file name="ic_notifications_black_24dp" path="/home/ryguy806/AndroidStudioProjects/TrialOne/app/src/main/res/drawable/ic_notifications_black_24dp.xml" qualifiers="" type="drawable"/><file name="ic_baseline_security_24" path="/home/ryguy806/AndroidStudioProjects/TrialOne/app/src/main/res/drawable/ic_baseline_security_24.xml" qualifiers="" type="drawable"/><file name="ic_baseline_notifications_active_24" path="/home/ryguy806/AndroidStudioProjects/TrialOne/app/src/main/res/drawable/ic_baseline_notifications_active_24.xml" qualifiers="" type="drawable"/><file name="ic_dashboard_black_24dp" path="/home/ryguy806/AndroidStudioProjects/TrialOne/app/src/main/res/drawable/ic_dashboard_black_24dp.xml" qualifiers="" type="drawable"/></source><source path="/home/ryguy806/AndroidStudioProjects/TrialOne/app/build/generated/res/rs/debug"/><source path="/home/ryguy806/AndroidStudioProjects/TrialOne/app/build/generated/res/resValues/debug"/></dataSet><dataSet aapt-namespace="http://schemas.android.com/apk/res-auto" config="debug$Generated" generated="true" ignore_pattern="!.svn:!.git:!.ds_store:!*.scc:.*:&lt;dir>_*:!CVS:!thumbs.db:!picasa.ini:!*~"><source path="/home/ryguy806/AndroidStudioProjects/TrialOne/app/src/debug/res"/></dataSet><dataSet aapt-namespace="http://schemas.android.com/apk/res-auto" config="debug" generated-set="debug$Generated" ignore_pattern="!.svn:!.git:!.ds_store:!*.scc:.*:&lt;dir>_*:!CVS:!thumbs.db:!picasa.ini:!*~"><source path="/home/ryguy806/AndroidStudioProjects/TrialOne/app/src/debug/res"/></dataSet><mergedItems/></merger>